{
  "min_feedrate": 81.65713928902089,
  "max_feedrate": 9089.27355258963,
  "min_freq": 47.655936143857744,
  "max_freq": 2000.0,
  "velocity": 80
}