{
  "min_feedrate": 92.59695573984007,
  "max_feedrate": 8629.68418302518,
  "min_freq": 50.0,
  "max_freq": 1780.5088270150743,
  "velocity": 80
}