{
	"Bolton" : 
	{
		"LowerJawPerimeter3x3" : 0.03606893,
		"LowerJawPerimeter6x6" : 0.08752322,
		"MaxillaryExcess3x3" : -1.148199,
		"MaxillaryExcess6x6" : -1.515955,
		"ToothWidth" : 
		{
			"10" : 6.721701,
			"11" : 7.885775,
			"12" : 7.249366,
			"13" : 6.603927,
			"14" : 10.58941,
			"19" : 11.02323,
			"20" : 7.525853,
			"21" : 7.472695,
			"22" : 6.931198,
			"23" : 5.881927,
			"24" : 5.328955,
			"25" : 5.115322,
			"26" : 5.922063,
			"27" : 6.889469,
			"28" : 7.202018,
			"29" : 7.373424,
			"3" : 10.50998,
			"30" : 10.85707,
			"4" : 6.72752,
			"5" : 7.288602,
			"6" : 7.873283,
			"7" : 6.37833,
			"8" : 8.03992,
			"9" : 8.335108
		},
		"UpperJawPerimeter3x3" : 0.04523411,
		"UpperJawPerimeter6x6" : 0.09420292
	},
	"ProductName" : "Unknown",
	"ProductType" : "Unknown"
}